filename,label
handShake_0001.avi,handshake
handShake_0002.avi,handshake
handShake_0003.avi,handshake
handShake_0004.avi,handshake
handShake_0005.avi,handshake
handShake_0006.avi,handshake
handShake_0007.avi,handshake
handShake_0008.avi,handshake
handShake_0009.avi,handshake
handShake_0010.avi,handshake
handShake_0011.avi,handshake
handShake_0012.avi,handshake
handShake_0013.avi,handshake
handShake_0014.avi,handshake
handShake_0015.avi,handshake
handShake_0016.avi,handshake
handShake_0017.avi,handshake
handShake_0018.avi,handshake
handShake_0019.avi,handshake
handShake_0020.avi,handshake
handShake_0021.avi,handshake
handShake_0022.avi,handshake
handShake_0023.avi,handshake
handShake_0024.avi,handshake
handShake_0025.avi,handshake
handShake_0026.avi,handshake
handShake_0027.avi,handshake
handShake_0028.avi,handshake
handShake_0029.avi,handshake
handShake_0030.avi,handshake
handShake_0031.avi,handshake
handShake_0032.avi,handshake
handShake_0033.avi,handshake
handShake_0034.avi,handshake
handShake_0035.avi,handshake
handShake_0036.avi,handshake
handShake_0037.avi,handshake
handShake_0038.avi,handshake
handShake_0039.avi,handshake
handShake_0040.avi,handshake
handShake_0041.avi,handshake
handShake_0042.avi,handshake
handShake_0043.avi,handshake
handShake_0044.avi,handshake
handShake_0045.avi,handshake
handShake_0046.avi,handshake
handShake_0047.avi,handshake
handShake_0048.avi,handshake
handShake_0049.avi,handshake
handShake_0050.avi,handshake
highFive_0001.avi,highfive
highFive_0002.avi,highfive
highFive_0003.avi,highfive
highFive_0004.avi,highfive
highFive_0005.avi,highfive
highFive_0006.avi,highfive
highFive_0007.avi,highfive
highFive_0008.avi,highfive
highFive_0009.avi,highfive
highFive_0010.avi,highfive
highFive_0011.avi,highfive
highFive_0012.avi,highfive
highFive_0013.avi,highfive
highFive_0014.avi,highfive
highFive_0015.avi,highfive
highFive_0016.avi,highfive
highFive_0017.avi,highfive
highFive_0018.avi,highfive
highFive_0019.avi,highfive
highFive_0020.avi,highfive
highFive_0021.avi,highfive
highFive_0022.avi,highfive
highFive_0023.avi,highfive
highFive_0024.avi,highfive
highFive_0025.avi,highfive
highFive_0026.avi,highfive
highFive_0027.avi,highfive
highFive_0028.avi,highfive
highFive_0029.avi,highfive
highFive_0030.avi,highfive
highFive_0031.avi,highfive
highFive_0032.avi,highfive
highFive_0033.avi,highfive
highFive_0034.avi,highfive
highFive_0035.avi,highfive
highFive_0036.avi,highfive
highFive_0037.avi,highfive
highFive_0038.avi,highfive
highFive_0039.avi,highfive
highFive_0040.avi,highfive
highFive_0041.avi,highfive
highFive_0042.avi,highfive
highFive_0043.avi,highfive
highFive_0044.avi,highfive
highFive_0045.avi,highfive
highFive_0046.avi,highfive
highFive_0047.avi,highfive
highFive_0048.avi,highfive
highFive_0049.avi,highfive
highFive_0050.avi,highfive
hug_0001.avi,hug
hug_0002.avi,hug
hug_0003.avi,hug
hug_0004.avi,hug
hug_0005.avi,hug
hug_0006.avi,hug
hug_0007.avi,hug
hug_0008.avi,hug
hug_0009.avi,hug
hug_0010.avi,hug
hug_0011.avi,hug
hug_0012.avi,hug
hug_0013.avi,hug
hug_0014.avi,hug
hug_0015.avi,hug
hug_0016.avi,hug
hug_0017.avi,hug
hug_0018.avi,hug
hug_0019.avi,hug
hug_0020.avi,hug
hug_0021.avi,hug
hug_0022.avi,hug
hug_0023.avi,hug
hug_0024.avi,hug
hug_0025.avi,hug
hug_0026.avi,hug
hug_0027.avi,hug
hug_0028.avi,hug
hug_0029.avi,hug
hug_0030.avi,hug
hug_0031.avi,hug
hug_0032.avi,hug
hug_0033.avi,hug
hug_0034.avi,hug
hug_0035.avi,hug
hug_0036.avi,hug
hug_0037.avi,hug
hug_0038.avi,hug
hug_0039.avi,hug
hug_0040.avi,hug
hug_0041.avi,hug
hug_0042.avi,hug
hug_0043.avi,hug
hug_0044.avi,hug
hug_0045.avi,hug
hug_0046.avi,hug
hug_0047.avi,hug
hug_0048.avi,hug
hug_0049.avi,hug
hug_0050.avi,hug
kiss_0001.avi,kiss
kiss_0002.avi,kiss
kiss_0003.avi,kiss
kiss_0004.avi,kiss
kiss_0005.avi,kiss
kiss_0006.avi,kiss
kiss_0007.avi,kiss
kiss_0008.avi,kiss
kiss_0009.avi,kiss
kiss_0010.avi,kiss
kiss_0011.avi,kiss
kiss_0012.avi,kiss
kiss_0013.avi,kiss
kiss_0014.avi,kiss
kiss_0015.avi,kiss
kiss_0016.avi,kiss
kiss_0017.avi,kiss
kiss_0018.avi,kiss
kiss_0019.avi,kiss
kiss_0020.avi,kiss
kiss_0021.avi,kiss
kiss_0022.avi,kiss
kiss_0023.avi,kiss
kiss_0024.avi,kiss
kiss_0025.avi,kiss
kiss_0026.avi,kiss
kiss_0027.avi,kiss
kiss_0028.avi,kiss
kiss_0029.avi,kiss
kiss_0030.avi,kiss
kiss_0031.avi,kiss
kiss_0032.avi,kiss
kiss_0033.avi,kiss
kiss_0034.avi,kiss
kiss_0035.avi,kiss
kiss_0036.avi,kiss
kiss_0037.avi,kiss
kiss_0038.avi,kiss
kiss_0039.avi,kiss
kiss_0040.avi,kiss
kiss_0041.avi,kiss
kiss_0042.avi,kiss
kiss_0043.avi,kiss
kiss_0044.avi,kiss
kiss_0045.avi,kiss
kiss_0046.avi,kiss
kiss_0047.avi,kiss
kiss_0048.avi,kiss
kiss_0049.avi,kiss
kiss_0050.avi,kiss
negative_0001.avi,negative
negative_0002.avi,negative
negative_0003.avi,negative
negative_0004.avi,negative
negative_0005.avi,negative
negative_0006.avi,negative
negative_0007.avi,negative
negative_0008.avi,negative
negative_0009.avi,negative
negative_0010.avi,negative
negative_0011.avi,negative
negative_0012.avi,negative
negative_0013.avi,negative
negative_0014.avi,negative
negative_0015.avi,negative
negative_0016.avi,negative
negative_0017.avi,negative
negative_0018.avi,negative
negative_0019.avi,negative
negative_0020.avi,negative
negative_0021.avi,negative
negative_0022.avi,negative
negative_0023.avi,negative
negative_0024.avi,negative
negative_0025.avi,negative
negative_0026.avi,negative
negative_0027.avi,negative
negative_0028.avi,negative
negative_0029.avi,negative
negative_0030.avi,negative
negative_0031.avi,negative
negative_0032.avi,negative
negative_0033.avi,negative
negative_0034.avi,negative
negative_0035.avi,negative
negative_0036.avi,negative
negative_0037.avi,negative
negative_0038.avi,negative
negative_0039.avi,negative
negative_0040.avi,negative
negative_0041.avi,negative
negative_0042.avi,negative
negative_0043.avi,negative
negative_0044.avi,negative
negative_0045.avi,negative
negative_0046.avi,negative
negative_0047.avi,negative
negative_0048.avi,negative
negative_0049.avi,negative
negative_0050.avi,negative
negative_0051.avi,negative
negative_0052.avi,negative
negative_0053.avi,negative
negative_0054.avi,negative
negative_0055.avi,negative
negative_0056.avi,negative
negative_0057.avi,negative
negative_0058.avi,negative
negative_0059.avi,negative
negative_0060.avi,negative
negative_0061.avi,negative
negative_0062.avi,negative
negative_0063.avi,negative
negative_0064.avi,negative
negative_0065.avi,negative
negative_0066.avi,negative
negative_0067.avi,negative
negative_0068.avi,negative
negative_0069.avi,negative
negative_0070.avi,negative
negative_0071.avi,negative
negative_0072.avi,negative
negative_0073.avi,negative
negative_0074.avi,negative
negative_0075.avi,negative
negative_0076.avi,negative
negative_0077.avi,negative
negative_0078.avi,negative
negative_0079.avi,negative
negative_0080.avi,negative
negative_0081.avi,negative
negative_0082.avi,negative
negative_0083.avi,negative
negative_0084.avi,negative
negative_0085.avi,negative
negative_0086.avi,negative
negative_0087.avi,negative
negative_0088.avi,negative
negative_0089.avi,negative
negative_0090.avi,negative
negative_0091.avi,negative
negative_0092.avi,negative
negative_0093.avi,negative
negative_0094.avi,negative
negative_0095.avi,negative
negative_0096.avi,negative
negative_0097.avi,negative
negative_0098.avi,negative
negative_0099.avi,negative
negative_0100.avi,negative
